uid,interest
e31e7cf3-9c4b-4da7-be33-db0e0cf4edd7,ğŸ” Reducing spending
1df722a8-757b-41ec-a8e4-9c77f64c24b5,ğŸ” Reducing spending
fcef6ea1-11e2-4b2c-84b6-8a641e0efc92,ğŸ” Reducing spending
a394570c-c696-4b03-ac03-83b908ec8c92,ğŸ” Reducing spending
f6d2e62a-ad44-44dd-97cc-56677d6e4231,ğŸ” Reducing spending
8b8eef1e-4a3e-4939-8769-8a1e6d5439c7,ğŸ” Reducing spending
d97bd490-7f6c-49b6-b35a-60bf696b4948,ğŸ” Reducing spending
599599cb-43fc-469d-8fed-b9560c48e46f,ğŸ” Reducing spending
89479f0d-2e5a-4c5a-82f2-ddc07fafe1f4,ğŸ” Reducing spending
eb2ec654-dbdd-4437-9eda-3b03b1ea13e3,ğŸ” Reducing spending
a4d2cc9d-367a-4ec1-882a-618f34195aa1,ğŸ” Reducing spending
0ba4476e-a542-470c-a41d-2a8c6a45ddc1,ğŸ” Reducing spending
4fd9b407-1238-44c5-ad40-052058484364,ğŸ” Reducing spending
697df7e0-1419-4d7b-a332-5e783e5340a9,ğŸ” Reducing spending
78453eea-170f-4fc8-8ec7-acf44e171650,ğŸ” Reducing spending
48e0b7d4-30dc-4871-88a7-465648af9056,ğŸ” Reducing spending
e04d1ff1-b371-4fea-9abe-7217b3af9c80,ğŸ” Reducing spending
c95a92b9-83cb-4b27-be40-ec99893a09a2,ğŸ” Reducing spending
77e0eea7-d977-4c80-8ee4-cbe6a2bddbb8,ğŸ” Reducing spending
7e253d80-cd1f-4061-8340-b63cbf7dc17c,ğŸ” Reducing spending
e31e7cf3-9c4b-4da7-be33-db0e0cf4edd7,ğŸ“„ Track bills
1df722a8-757b-41ec-a8e4-9c77f64c24b5,ğŸ“„ Track bills
fcef6ea1-11e2-4b2c-84b6-8a641e0efc92,ğŸ“„ Track bills
a394570c-c696-4b03-ac03-83b908ec8c92,ğŸ“„ Track bills
f6d2e62a-ad44-44dd-97cc-56677d6e4231,ğŸ“„ Track bills
8b8eef1e-4a3e-4939-8769-8a1e6d5439c7,ğŸ“„ Track bills
d97bd490-7f6c-49b6-b35a-60bf696b4948,ğŸ“„ Track bills
599599cb-43fc-469d-8fed-b9560c48e46f,ğŸ“„ Track bills
89479f0d-2e5a-4c5a-82f2-ddc07fafe1f4,ğŸ“„ Track bills
eb2ec654-dbdd-4437-9eda-3b03b1ea13e3,ğŸ“„ Track bills
a4d2cc9d-367a-4ec1-882a-618f34195aa1,ğŸ“„ Track bills
0ba4476e-a542-470c-a41d-2a8c6a45ddc1,ğŸ“„ Track bills
4fd9b407-1238-44c5-ad40-052058484364,ğŸ“„ Track bills
697df7e0-1419-4d7b-a332-5e783e5340a9,ğŸ“„ Track bills
78453eea-170f-4fc8-8ec7-acf44e171650,ğŸ“„ Track bills
48e0b7d4-30dc-4871-88a7-465648af9056,ğŸ“„ Track bills
ff867bce-cf9e-4c87-a79f-8b4543cf3704,ğŸ“„ Track bills
f145f774-7eed-429d-9cc5-1f20ba144be4,ğŸ¤‘ See my spending habits
7e4cb900-a09e-4d1d-8b65-ecd3ef51f132,ğŸ¤‘ See my spending habits
587caef0-3c16-445f-88b0-d252a67475c7,ğŸ¤‘ See my spending habits
8887103e-1841-4cb5-9d31-7d03078dc4cd,ğŸ¤‘ See my spending habits
11046b0b-2eab-4bb9-a8b6-e79d5c04a0e0,ğŸ¤‘ See my spending habits
820ebf24-bd6e-4ef6-b811-b6f0f92c8778,ğŸ¤‘ See my spending habits
1bba933e-800d-4993-b4b7-1c28b06a4d92,ğŸ¤‘ See my spending habits
22e95cbb-5472-424c-b732-e64eeea7062a,ğŸ¤‘ See my spending habits
0ce2621f-f7c9-4333-9b3b-2abfabba8c89,ğŸ¤‘ See my spending habits
eaf1456d-fe19-460b-9b98-ef860fe7b228,ğŸ¤‘ See my spending habits
5a1e85f2-a569-464d-a60d-edd981af3e59,ğŸ¤‘ See my spending habits
13bcbf1c-6cd0-4b5d-9603-91e6e650f405,ğŸ¤‘ See my spending habits
542bfa13-54c7-4d79-beb3-b2f797a00c9d,ğŸ¤‘ See my spending habits
c7a76177-e727-4cf7-afc5-ba79f3d72f20,ğŸ¤‘ See my spending habits
c98b532c-9f19-4a9d-94bf-9478d91898a9,ğŸ¤‘ See my spending habits
7888c4c6-ea7a-4081-9a00-8f62b99d16c9,ğŸ¤‘ See my spending habits
7ba26aee-3c3c-49ff-8232-8c207a4512e0,ğŸ¤‘ See my spending habits
417aa9c3-d493-47ae-a08c-92e50e8baf4f,ğŸ¤‘ See my spending habits
df1f963a-7a0c-438b-918c-af3dc205d0fb,ğŸ¤‘ See my spending habits
e8eccc45-fbfe-488b-a597-60860a21c72e,ğŸ¤‘ See my spending habits
af68a333-79aa-40ae-92ea-5e49e20b958c,ğŸ¤‘ See my spending habits
e8720508-b732-4e58-82a6-17cfa094012b,ğŸ¤‘ See my spending habits
84b367ec-3f12-4040-a0ee-ed37d924f80d,ğŸ¤‘ See my spending habits
61277ad3-1a9d-47fa-882b-cc79a8f4ad14,ğŸ¤‘ See my spending habits
697df7e0-1419-4d7b-a332-5e783e5340a9,ğŸ“ˆ Credit score improvement
78453eea-170f-4fc8-8ec7-acf44e171650,ğŸ“ˆ Credit score improvement
48e0b7d4-30dc-4871-88a7-465648af9056,ğŸ“ˆ Credit score improvement
e04d1ff1-b371-4fea-9abe-7217b3af9c80,ğŸ“ˆ Credit score improvement
c95a92b9-83cb-4b27-be40-ec99893a09a2,ğŸ“ˆ Credit score improvement
77e0eea7-d977-4c80-8ee4-cbe6a2bddbb8,ğŸ“ˆ Credit score improvement
7e253d80-cd1f-4061-8340-b63cbf7dc17c,ğŸ“ˆ Credit score improvement
fd1b2bb5-64ca-4542-81d2-b37815973a64,ğŸ“ˆ Credit score improvement
c6d23fae-42a0-47d0-bebf-baee6ebd38eb,ğŸ“ˆ Credit score improvement
f48fb093-5161-4314-9fc6-0e62d60cde98,ğŸ“ˆ Credit score improvement
e10ec1ee-7f34-4d20-a427-2fe6334fc8d9,ğŸ“ˆ Credit score improvement
f847780c-34a5-4365-a9a2-917fc7be46ff,ğŸ“ˆ Credit score improvement
82b15fce-7b00-4048-a670-9a87d7fb6eeb,ğŸ“ˆ Credit score improvement
1bba933e-800d-4993-b4b7-1c28b06a4d92,ğŸ’µ Paying Down Debt
22e95cbb-5472-424c-b732-e64eeea7062a,ğŸ’µ Paying Down Debt
0ce2621f-f7c9-4333-9b3b-2abfabba8c89,ğŸ’µ Paying Down Debt
eaf1456d-fe19-460b-9b98-ef860fe7b228,ğŸ’µ Paying Down Debt
5a1e85f2-a569-464d-a60d-edd981af3e59,ğŸ’µ Paying Down Debt
13bcbf1c-6cd0-4b5d-9603-91e6e650f405,ğŸ’µ Paying Down Debt
542bfa13-54c7-4d79-beb3-b2f797a00c9d,ğŸ’µ Paying Down Debt
c7a76177-e727-4cf7-afc5-ba79f3d72f20,ğŸ’µ Paying Down Debt
c98b532c-9f19-4a9d-94bf-9478d91898a9,ğŸ’µ Paying Down Debt
7888c4c6-ea7a-4081-9a00-8f62b99d16c9,ğŸ’µ Paying Down Debt
7ba26aee-3c3c-49ff-8232-8c207a4512e0,ğŸ’µ Paying Down Debt
417aa9c3-d493-47ae-a08c-92e50e8baf4f,ğŸ’µ Paying Down Debt
0ba4476e-a542-470c-a41d-2a8c6a45ddc1,ğŸ’° General budgeting
4fd9b407-1238-44c5-ad40-052058484364,ğŸ’° General budgeting
697df7e0-1419-4d7b-a332-5e783e5340a9,ğŸ’° General budgeting
78453eea-170f-4fc8-8ec7-acf44e171650,ğŸ’° General budgeting
48e0b7d4-30dc-4871-88a7-465648af9056,ğŸ’° General budgeting
e04d1ff1-b371-4fea-9abe-7217b3af9c80,ğŸ’° General budgeting
c95a92b9-83cb-4b27-be40-ec99893a09a2,ğŸ’° General budgeting
77e0eea7-d977-4c80-8ee4-cbe6a2bddbb8,ğŸ’° General budgeting
7e253d80-cd1f-4061-8340-b63cbf7dc17c,ğŸ’° General budgeting
fd1b2bb5-64ca-4542-81d2-b37815973a64,ğŸ’° General budgeting
c6d23fae-42a0-47d0-bebf-baee6ebd38eb,ğŸ’° General budgeting
f48fb093-5161-4314-9fc6-0e62d60cde98,ğŸ’° General budgeting
e10ec1ee-7f34-4d20-a427-2fe6334fc8d9,ğŸ’° General budgeting
f847780c-34a5-4365-a9a2-917fc7be46ff,ğŸ’° General budgeting
82b15fce-7b00-4048-a670-9a87d7fb6eeb,ğŸ’° General budgeting
f145f774-7eed-429d-9cc5-1f20ba144be4,ğŸ’° General budgeting
7e4cb900-a09e-4d1d-8b65-ecd3ef51f132,ğŸ’° General budgeting
587caef0-3c16-445f-88b0-d252a67475c7,ğŸ’° General budgeting
8887103e-1841-4cb5-9d31-7d03078dc4cd,ğŸ’° General budgeting
11046b0b-2eab-4bb9-a8b6-e79d5c04a0e0,ğŸ’° General budgeting
820ebf24-bd6e-4ef6-b811-b6f0f92c8778,ğŸ’° General budgeting
1bba933e-800d-4993-b4b7-1c28b06a4d92,ğŸ’° General budgeting
22e95cbb-5472-424c-b732-e64eeea7062a,ğŸ’° General budgeting
0ce2621f-f7c9-4333-9b3b-2abfabba8c89,ğŸ’° General budgeting
eaf1456d-fe19-460b-9b98-ef860fe7b228,ğŸ’° General budgeting
5a1e85f2-a569-464d-a60d-edd981af3e59,ğŸ’° General budgeting
13bcbf1c-6cd0-4b5d-9603-91e6e650f405,ğŸ’° General budgeting
542bfa13-54c7-4d79-beb3-b2f797a00c9d,ğŸ’° General budgeting
c7a76177-e727-4cf7-afc5-ba79f3d72f20,ğŸ’° General budgeting
c98b532c-9f19-4a9d-94bf-9478d91898a9,ğŸ’° General budgeting
e31e7cf3-9c4b-4da7-be33-db0e0cf4edd7,ğŸ  Buy a property
1df722a8-757b-41ec-a8e4-9c77f64c24b5,ğŸ  Buy a property
fcef6ea1-11e2-4b2c-84b6-8a641e0efc92,ğŸ  Buy a property
a394570c-c696-4b03-ac03-83b908ec8c92,ğŸ  Buy a property
f6d2e62a-ad44-44dd-97cc-56677d6e4231,ğŸ  Buy a property
8b8eef1e-4a3e-4939-8769-8a1e6d5439c7,ğŸ  Buy a property
d97bd490-7f6c-49b6-b35a-60bf696b4948,ğŸ  Buy a property
599599cb-43fc-469d-8fed-b9560c48e46f,ğŸ  Buy a property
89479f0d-2e5a-4c5a-82f2-ddc07fafe1f4,ğŸ  Buy a property
eb2ec654-dbdd-4437-9eda-3b03b1ea13e3,ğŸ  Buy a property
a4d2cc9d-367a-4ec1-882a-618f34195aa1,ğŸ  Buy a property
0ba4476e-a542-470c-a41d-2a8c6a45ddc1,ğŸ  Buy a property
4fd9b407-1238-44c5-ad40-052058484364,ğŸ  Buy a property
697df7e0-1419-4d7b-a332-5e783e5340a9,ğŸ  Buy a property
78453eea-170f-4fc8-8ec7-acf44e171650,ğŸ  Buy a property
48e0b7d4-30dc-4871-88a7-465648af9056,ğŸ  Buy a property
e04d1ff1-b371-4fea-9abe-7217b3af9c80,ğŸ  Buy a property
c95a92b9-83cb-4b27-be40-ec99893a09a2,ğŸ  Buy a property
77e0eea7-d977-4c80-8ee4-cbe6a2bddbb8,ğŸ  Buy a property
7e253d80-cd1f-4061-8340-b63cbf7dc17c,ğŸ  Buy a property
ff867bce-cf9e-4c87-a79f-8b4543cf3704,ğŸ  Buy a property
f847780c-34a5-4365-a9a2-917fc7be46ff,ğŸ’ Getting married
82b15fce-7b00-4048-a670-9a87d7fb6eeb,ğŸ’ Getting married
f145f774-7eed-429d-9cc5-1f20ba144be4,ğŸ’ Getting married
7e4cb900-a09e-4d1d-8b65-ecd3ef51f132,ğŸ’ Getting married
587caef0-3c16-445f-88b0-d252a67475c7,ğŸ’ Getting married
13bcbf1c-6cd0-4b5d-9603-91e6e650f405,ğŸ› Deals and discounts
542bfa13-54c7-4d79-beb3-b2f797a00c9d,ğŸ› Deals and discounts
c7a76177-e727-4cf7-afc5-ba79f3d72f20,ğŸ› Deals and discounts
c98b532c-9f19-4a9d-94bf-9478d91898a9,ğŸ› Deals and discounts
7888c4c6-ea7a-4081-9a00-8f62b99d16c9,ğŸ› Deals and discounts
7ba26aee-3c3c-49ff-8232-8c207a4512e0,ğŸ› Deals and discounts
417aa9c3-d493-47ae-a08c-92e50e8baf4f,ğŸ› Deals and discounts
df1f963a-7a0c-438b-918c-af3dc205d0fb,ğŸ› Deals and discounts
e8eccc45-fbfe-488b-a597-60860a21c72e,ğŸ› Deals and discounts
4fd9b407-1238-44c5-ad40-052058484364,ğŸ’ƒ Side Hustles
697df7e0-1419-4d7b-a332-5e783e5340a9,ğŸ’ƒ Side Hustles
78453eea-170f-4fc8-8ec7-acf44e171650,ğŸ’ƒ Side Hustles
48e0b7d4-30dc-4871-88a7-465648af9056,ğŸ’ƒ Side Hustles
e04d1ff1-b371-4fea-9abe-7217b3af9c80,ğŸ’ƒ Side Hustles
c95a92b9-83cb-4b27-be40-ec99893a09a2,ğŸ’ƒ Side Hustles
77e0eea7-d977-4c80-8ee4-cbe6a2bddbb8,ğŸ’ƒ Side Hustles
7e253d80-cd1f-4061-8340-b63cbf7dc17c,ğŸ’ƒ Side Hustles
fd1b2bb5-64ca-4542-81d2-b37815973a64,ğŸ’ƒ Side Hustles
c6d23fae-42a0-47d0-bebf-baee6ebd38eb,ğŸ’ƒ Side Hustles
f48fb093-5161-4314-9fc6-0e62d60cde98,ğŸ’ƒ Side Hustles
f145f774-7eed-429d-9cc5-1f20ba144be4,ğŸ’° Budgeting with kids
7e4cb900-a09e-4d1d-8b65-ecd3ef51f132,ğŸ’° Budgeting with kids
587caef0-3c16-445f-88b0-d252a67475c7,ğŸ’° Budgeting with kids
8887103e-1841-4cb5-9d31-7d03078dc4cd,ğŸ’° Budgeting with kids
11046b0b-2eab-4bb9-a8b6-e79d5c04a0e0,ğŸ’° Budgeting with kids
820ebf24-bd6e-4ef6-b811-b6f0f92c8778,ğŸ’° Budgeting with kids
c7a76177-e727-4cf7-afc5-ba79f3d72f20,ğŸŒŸ Debt free living
c98b532c-9f19-4a9d-94bf-9478d91898a9,ğŸŒŸ Debt free living
7888c4c6-ea7a-4081-9a00-8f62b99d16c9,ğŸŒŸ Debt free living
7ba26aee-3c3c-49ff-8232-8c207a4512e0,ğŸŒŸ Debt free living
417aa9c3-d493-47ae-a08c-92e50e8baf4f,ğŸŒŸ Debt free living
df1f963a-7a0c-438b-918c-af3dc205d0fb,ğŸŒŸ Debt free living
e8eccc45-fbfe-488b-a597-60860a21c72e,ğŸŒŸ Debt free living
af68a333-79aa-40ae-92ea-5e49e20b958c,ğŸŒŸ Debt free living
e8720508-b732-4e58-82a6-17cfa094012b,ğŸŒŸ Debt free living
84b367ec-3f12-4040-a0ee-ed37d924f80d,ğŸŒŸ Debt free living
61277ad3-1a9d-47fa-882b-cc79a8f4ad14,ğŸŒŸ Debt free living
7e253d80-cd1f-4061-8340-b63cbf7dc17c,ğŸ“ˆ Investing
fd1b2bb5-64ca-4542-81d2-b37815973a64,ğŸ“ˆ Investing
c6d23fae-42a0-47d0-bebf-baee6ebd38eb,ğŸ“ˆ Investing
f48fb093-5161-4314-9fc6-0e62d60cde98,ğŸ“ˆ Investing
e10ec1ee-7f34-4d20-a427-2fe6334fc8d9,ğŸ“ˆ Investing
f847780c-34a5-4365-a9a2-917fc7be46ff,ğŸ“ˆ Investing
82b15fce-7b00-4048-a670-9a87d7fb6eeb,ğŸ“ˆ Investing
f145f774-7eed-429d-9cc5-1f20ba144be4,ğŸ“ˆ Investing
7e4cb900-a09e-4d1d-8b65-ecd3ef51f132,ğŸ“ˆ Investing
587caef0-3c16-445f-88b0-d252a67475c7,ğŸ“ˆ Investing
8887103e-1841-4cb5-9d31-7d03078dc4cd,ğŸ“ˆ Investing
11046b0b-2eab-4bb9-a8b6-e79d5c04a0e0,ğŸ“ˆ Investing
820ebf24-bd6e-4ef6-b811-b6f0f92c8778,ğŸ“ˆ Investing
1bba933e-800d-4993-b4b7-1c28b06a4d92,ğŸ“ˆ Investing
22e95cbb-5472-424c-b732-e64eeea7062a,ğŸ“ˆ Investing
0ce2621f-f7c9-4333-9b3b-2abfabba8c89,ğŸ“ˆ Investing
eaf1456d-fe19-460b-9b98-ef860fe7b228,ğŸ“ˆ Investing
5a1e85f2-a569-464d-a60d-edd981af3e59,ğŸ“ˆ Investing
13bcbf1c-6cd0-4b5d-9603-91e6e650f405,ğŸ“ˆ Investing
7e253d80-cd1f-4061-8340-b63cbf7dc17c,ğŸš€ Stocks
fd1b2bb5-64ca-4542-81d2-b37815973a64,ğŸš€ Stocks
c6d23fae-42a0-47d0-bebf-baee6ebd38eb,ğŸš€ Stocks
f48fb093-5161-4314-9fc6-0e62d60cde98,ğŸš€ Stocks
e10ec1ee-7f34-4d20-a427-2fe6334fc8d9,ğŸš€ Stocks
f847780c-34a5-4365-a9a2-917fc7be46ff,ğŸš€ Stocks
82b15fce-7b00-4048-a670-9a87d7fb6eeb,ğŸš€ Stocks
f145f774-7eed-429d-9cc5-1f20ba144be4,ğŸš€ Stocks
7e4cb900-a09e-4d1d-8b65-ecd3ef51f132,ğŸš€ Stocks
587caef0-3c16-445f-88b0-d252a67475c7,ğŸš€ Stocks
8887103e-1841-4cb5-9d31-7d03078dc4cd,ğŸš€ Stocks
11046b0b-2eab-4bb9-a8b6-e79d5c04a0e0,ğŸš€ Stocks
820ebf24-bd6e-4ef6-b811-b6f0f92c8778,ğŸš€ Stocks
1bba933e-800d-4993-b4b7-1c28b06a4d92,ğŸš€ Stocks
22e95cbb-5472-424c-b732-e64eeea7062a,ğŸš€ Stocks
0ce2621f-f7c9-4333-9b3b-2abfabba8c89,ğŸš€ Stocks
7e4cb900-a09e-4d1d-8b65-ecd3ef51f132,ğŸ”’ Crypto
587caef0-3c16-445f-88b0-d252a67475c7,ğŸ”’ Crypto
8887103e-1841-4cb5-9d31-7d03078dc4cd,ğŸ”’ Crypto
11046b0b-2eab-4bb9-a8b6-e79d5c04a0e0,ğŸ”’ Crypto
820ebf24-bd6e-4ef6-b811-b6f0f92c8778,ğŸ”’ Crypto
1bba933e-800d-4993-b4b7-1c28b06a4d92,ğŸ”’ Crypto
22e95cbb-5472-424c-b732-e64eeea7062a,ğŸ”’ Crypto
0ce2621f-f7c9-4333-9b3b-2abfabba8c89,ğŸ”’ Crypto
eaf1456d-fe19-460b-9b98-ef860fe7b228,ğŸ”’ Crypto
5a1e85f2-a569-464d-a60d-edd981af3e59,ğŸ”’ Crypto
13bcbf1c-6cd0-4b5d-9603-91e6e650f405,ğŸ”’ Crypto
542bfa13-54c7-4d79-beb3-b2f797a00c9d,ğŸ”’ Crypto
c6d23fae-42a0-47d0-bebf-baee6ebd38eb,ğŸš— Save for a car
f48fb093-5161-4314-9fc6-0e62d60cde98,ğŸš— Save for a car
e10ec1ee-7f34-4d20-a427-2fe6334fc8d9,ğŸš— Save for a car
f847780c-34a5-4365-a9a2-917fc7be46ff,ğŸš— Save for a car
82b15fce-7b00-4048-a670-9a87d7fb6eeb,ğŸš— Save for a car
f145f774-7eed-429d-9cc5-1f20ba144be4,ğŸš— Save for a car
7e4cb900-a09e-4d1d-8b65-ecd3ef51f132,ğŸš— Save for a car
587caef0-3c16-445f-88b0-d252a67475c7,ğŸš— Save for a car
8887103e-1841-4cb5-9d31-7d03078dc4cd,ğŸš— Save for a car
11046b0b-2eab-4bb9-a8b6-e79d5c04a0e0,ğŸš— Save for a car
820ebf24-bd6e-4ef6-b811-b6f0f92c8778,ğŸš— Save for a car
1bba933e-800d-4993-b4b7-1c28b06a4d92,ğŸš— Save for a car
22e95cbb-5472-424c-b732-e64eeea7062a,ğŸš— Save for a car
0ce2621f-f7c9-4333-9b3b-2abfabba8c89,ğŸš— Save for a car
f48fb093-5161-4314-9fc6-0e62d60cde98,ğŸ Groceries
e10ec1ee-7f34-4d20-a427-2fe6334fc8d9,ğŸ Groceries
f847780c-34a5-4365-a9a2-917fc7be46ff,ğŸ Groceries
82b15fce-7b00-4048-a670-9a87d7fb6eeb,ğŸ Groceries
f145f774-7eed-429d-9cc5-1f20ba144be4,ğŸ Groceries
e31e7cf3-9c4b-4da7-be33-db0e0cf4edd7,ğŸ“ˆ ETFS
1df722a8-757b-41ec-a8e4-9c77f64c24b5,ğŸ“ˆ ETFS
fcef6ea1-11e2-4b2c-84b6-8a641e0efc92,ğŸ“ˆ ETFS
a394570c-c696-4b03-ac03-83b908ec8c92,ğŸ“ˆ ETFS
f6d2e62a-ad44-44dd-97cc-56677d6e4231,ğŸ“ˆ ETFS
8b8eef1e-4a3e-4939-8769-8a1e6d5439c7,ğŸ“ˆ ETFS
d97bd490-7f6c-49b6-b35a-60bf696b4948,ğŸ“ˆ ETFS
599599cb-43fc-469d-8fed-b9560c48e46f,ğŸ“ˆ ETFS
89479f0d-2e5a-4c5a-82f2-ddc07fafe1f4,ğŸ“ˆ ETFS
eb2ec654-dbdd-4437-9eda-3b03b1ea13e3,ğŸ“ˆ ETFS
ff74ff7d-f40a-497a-a94a-a3e3d9d79fb8,ğŸ“ˆ ETFS
c6d23fae-42a0-47d0-bebf-baee6ebd38eb,ğŸ”¥ FI/RE
f48fb093-5161-4314-9fc6-0e62d60cde98,ğŸ”¥ FI/RE
e10ec1ee-7f34-4d20-a427-2fe6334fc8d9,ğŸ”¥ FI/RE
f847780c-34a5-4365-a9a2-917fc7be46ff,ğŸ”¥ FI/RE
82b15fce-7b00-4048-a670-9a87d7fb6eeb,ğŸ”¥ FI/RE
f145f774-7eed-429d-9cc5-1f20ba144be4,ğŸ”¥ FI/RE
13bcbf1c-6cd0-4b5d-9603-91e6e650f405,ğŸ› Bargains & Sales
542bfa13-54c7-4d79-beb3-b2f797a00c9d,ğŸ› Bargains & Sales
c7a76177-e727-4cf7-afc5-ba79f3d72f20,ğŸ› Bargains & Sales
c98b532c-9f19-4a9d-94bf-9478d91898a9,ğŸ› Bargains & Sales
7888c4c6-ea7a-4081-9a00-8f62b99d16c9,ğŸ› Bargains & Sales
7ba26aee-3c3c-49ff-8232-8c207a4512e0,ğŸ› Bargains & Sales
417aa9c3-d493-47ae-a08c-92e50e8baf4f,ğŸ› Bargains & Sales
df1f963a-7a0c-438b-918c-af3dc205d0fb,ğŸ’µ Money facts and trivia
13bcbf1c-6cd0-4b5d-9603-91e6e650f405,ğŸ’µ Money facts and trivia
542bfa13-54c7-4d79-beb3-b2f797a00c9d,ğŸ’µ Money facts and trivia
c7a76177-e727-4cf7-afc5-ba79f3d72f20,ğŸ’µ Money facts and trivia
c98b532c-9f19-4a9d-94bf-9478d91898a9,ğŸ’µ Money facts and trivia
7888c4c6-ea7a-4081-9a00-8f62b99d16c9,ğŸ’µ Money facts and trivia
7ba26aee-3c3c-49ff-8232-8c207a4512e0,ğŸ’µ Money facts and trivia
417aa9c3-d493-47ae-a08c-92e50e8baf4f,ğŸ’¸ Reduce my rates on my personal loan
